{
    "accuracy": 0.6892655367231638,
    "precision": 0.7617602427921093,
    "recall": 0.5284210526315789,
    "auc": 0.7579649474740009
}