{
    "accuracy": 0.6918335901386748,
    "precision": 0.7604166666666666,
    "recall": 0.5378947368421053,
    "auc": 0.7575869714406377
}